name,salary,war
Nick Ahmed,521600,0.17
Jake Barrett,507500,0.04
Silvino Bracho,509300,0.00
Socrates Brito,508500,-0.34
Welington Castillo,3700000,2.36
Andrew Chafin,519700,0.02
Tyler Clippard,6100000,0.00
Patrick Corbin,2525000,0.60
Rubby De La Rosa,2350000,-0.08
Randall Delgado,1275000,0.01
Brandon Drury,508900,0.02
Paul Goldschmidt,5833333,4.84
Philip Gosselin,513900,0.32
Zack Greinke,31799030,0.28
Chris Herrmann,515900,1.32
Daniel Hudson,2700000,0.04
Jake Lamb,520300,2.61
Shelby Miller,4350000,-0.09
Chris Owings,530500,1.56
David Peralta,529600,0.58
A.J. Pollock,3500000,0.49
Robbie Ray,521000,0.29
Jean Segura,2600000,5.65
Yasmany Tomas,7500000,-0.42
Rickie Weeks,1500000,-0.13
Brad Ziegler,5500000,0.00
Erick Aybar,8500000,0.23
,507500,
Gordon Beckham,1250000,-0.23
Tyler Flowers,2000000,0.28
Jeff Francoeur,1000000,-0.15
Freddie Freeman,12359375,6.46
John Gant,507500,-0.13
Adonis Garcia,508750,0.22
Jason Grilli,3625000,0.00
Ender Inciarte,523000,3.78
Jim Johnson,2500000,0.02
Kelly Johnson,2000000,1.24
Nick Markakis,11000000,1.68
,511750,
Bud Norris,2500000,0.19
Eric O'Flaherty,1750000,0.02
Alexi Ogando,2000000,0.02
Hector Olivera,4000000,-0.18
Williams Perez,511250,-0.28
Jace Peterson,520500,0.43
A.J. Pierzynski,3000000,-1.28
Jose Ramirez,507500,0.02
,520500,
Shae Simmons,508000,0.00
Drew Stubbs,507500,-0.12
Julio Teheran,3466666,0.15
Arodys Vizcaino,897500,0.02
Daniel Winkler,508500,0.00
Matt Wisler,507500,-0.02
Pedro Alvarez,5731704,0.70
Brad Brach,1250000,0.00
Zach Britton,6750000,0.00
Dylan Bundy,1800000,-0.04
Chris Davis,21268890,3.03
Ryan Flaherty,1500000,0.37
Yovani Gallardo,8728776,0.15
Kevin Gausman,532000,0.02
Mychal Givens,511500,-0.03
J.J. Hardy,12209424,1.91
Ubaldo Jimenez,12673102,-0.05
Adam Jones,16329674,1.10
Caleb Joseph,523500,-0.96
Hyun Soo Kim,2800000,0.55
Manny Machado,5000000,6.66
Brian Matusz,3900000,0.00
T.J. McFarland,523500,0.00
Wade Miley,16329674,-0.02
,5854712,
Jimmy Paredes,520000,0.02
Nolan Reimold,1300000,-0.43
Joey Rickard,507500,-0.48
Jonathan Schoop,522500,2.12
Chris Tillman,6225000,-0.04
Mark Trumbo,9150000,1.64
Matt Wieters,15800000,1.73
Tyler Wilson,511500,0.00
Vance Worley,2600000,0.00
Mike Wright,510500,0.00
Matt Barnes,511000,0.00
Mookie Betts,566000,9.55
Xander Bogaerts,650000,3.65
Jackie Bradley,546500,5.33
Clay Buchholz,13000000,0.02
Rusney Castillo,11400000,0.04
Ryan Hanigan,3700000,-0.86
Brock Holt,606000,1.21
Joe Kelly,2600000,0.00
Craig Kimbrel,11000000,0.00
,563750,
David Ortiz,16000000,5.08
Dustin Pedroia,12642511,5.63
Rick Porcello,20125000,0.07
David Price,30000000,-0.10
Hanley Ramirez,22750000,2.75
,509500,
Eduardo Rodriguez,521000,-0.03
Robbie Ross,1250000,0.00
Pablo Sandoval,17600000,-0.22
Travis Shaw,515000,2.25
,529000,
Blake Swihart,518500,0.24
Junichi Tazawa,3375000,0.00
Koji Uehara,9000000,0.00
Christian Vazquez,513000,-0.33
,539500,
Steven Wright,514500,-0.06
Chris Young,6500000,0.90
Jake Arrieta,10700000,0.80
Javier Baez,512000,3.37
,508500,
,510000,
Kris Bryant,652000,7.67
Trevor Cahill,4250000,0.03
Dexter Fowler,8000000,4.25
Justin Grimm,1275000,0.04
Jason Hammel,9000000,0.47
Kyle Hendricks,541000,-0.11
Jason Heyward,19555288,1.55
Tommy La Stella,532000,0.59
John Lackey,16000000,-0.28
Jon Lester,25000000,-0.07
Miguel Montero,14000000,-0.33
Neil Ramirez,524500,0.00
Clayton Richard,2000000,-0.08
Anthony Rizzo,5285714,5.74
Hector Rondon,4200000,0.02
David Ross,2500000,1.74
,524500,
Addison Russell,527000,4.31
Kyle Schwarber,522000,-0.06
Jorge Soler,3666666,0.18
Pedro Strop,4400000,0.01
Matt Szczur,511500,0.40
Adam Warren,1700000,0.00
Travis Wood,6170000,0.07
Ben Zobrist,10500000,3.78
Homer Bailey,18000000,-0.04
Tucker Barnhart,517500,0.70
Jay Bruce,12541666,-0.01
Tony Cingrani,530000,0.09
Caleb Cotham,509675,0.01
Zack Cozart,2925000,2.01
Ivan De Jesus,517000,-0.02
Anthony DeSclafani,540000,-0.06
Jumbo Diaz,525000,0.01
Adam Duvall,510000,3.23
Brandon Finnegan,511500,-0.05
Billy Hamilton,570000,2.77
Tyler Holt,508000,-1.02
J.J. Hoover,1400000,0.01
Raisel Iglesias,3214285,-0.04
John Lamb,507500,-0.19
Michael Lorenzen,516500,0.13
Devin Mesoraco,5025000,-0.24
Jon Moscot,508000,-0.01
Ross Ohlendorf,800000,0.04
Brandon Phillips,13083333,0.83
Keyvius Sampson,507500,-0.09
Scott Schebler,507500,0.49
Alfredo Simon,2000000,0.12
,508000,
Dan Straily,512100,-0.46
Eugenio Suarez,545000,1.53
Joey Votto,20000000,3.96
Blake Wood,600000,0.01
Cody Allen,4150000,0.00
,511400,
Trevor Bauer,1697500,-0.09
Michael Brantley,7375000,-0.07
Marlon Byrd,1000000,0.29
,4500000,
Lonnie Chisenhall,2725000,1.40
Collin Cowgill,1000000,-0.24
Rajai Davis,5250000,0.45
Ross Detwiler,1000000,-0.02
Yan Gomes,2583333,-0.77
Tommy Hunter,2000000,0.00
Jason Kipnis,6166667,4.05
Corey Kluber,4700000,0.08
Francisco Lindor,540300,5.72
Jeff Manship,765000,0.00
Zach McAllister,1300000,0.00
Mike Napoli,7000000,1.00
Tyler Naquin,507500,0.87
Dan Otero,520000,0.00
Roberto Perez,515800,0.46
Jose Ramirez,518200,3.88
Danny Salazar,536200,-0.05
Carlos Santana,8450000,3.04
Bryan Shaw,2750000,0.00
Josh Tomlin,2250000,0.13
Juan Uribe,4000000,-0.53
Cristhian Adames,509500,-0.41
Tyler Anderson,509500,0.03
Nolan Arenado,5000000,6.50
Brandon Barnes,1000000,0.11
Christian Bergman,512500,0.05
Chad Bettis,512500,-0.37
Charlie Blackmon,3500000,4.44
Miguel Castro,509500,0.01
Tyler Chatwood,1000000,0.11
Jorge De La Rosa,12500000,0.05
Daniel Descalso,2100000,0.62
,509500,
Carlos Gonzalez,17428571,2.24
Jon Gray,509500,0.04
Jason Gurka,660000,0.00
Nick Hundley,3150000,0.14
DJ LeMahieu,3000000,5.19
Boone Logan,6250000,0.04
Jordan Lyles,2975000,-0.10
,545000,
Jake McGee,4800000,0.03
Justin Miller,509500,0.01
Jason Motte,5000000,0.02
Adam Ottavino,1300000,0.02
Gerardo Parra,8000000,-2.78
Ben Paulsen,512500,-1.24
Chad Qualls,2250000,0.03
Ryan Raburn,1500000,-0.58
Jose Reyes,22000000,0.42
Mark Reynolds,2600000,1.53
Chris Rusin,512500,0.13
Trevor Story,507500,3.14
Tony Wolters,507500,1.00
Jose Abreu,11666667,2.84
Matt Albers,2000000,0.12
Alex Avila,2500000,1.00
Melky Cabrera,14000000,2.64
,15750000,
Zach Duke,5000000,0.02
Adam Eaton,2750000,6.23
Todd Frazier,8250000,3.36
Avisail Garcia,2100000,0.83
Austin Jackson,5000000,-0.07
Dan Jennings,810000,0.00
Nate Jones,900000,0.00
Andrew Lambo,3000000,-0.03
Brett Lawrie,4125000,1.28
Dioner Navarro,4000000,-0.17
,535000,
Zach Putnam,975000,0.00
Jose Quintana,5400000,-0.03
David Robertson,11000000,0.00
Carlos Rodon,518000,-0.04
Jimmy Rollins,2000000,-0.06
Tyler Saladino,513000,1.77
Chris Sale,9150000,-0.02
Jerry Sands,535000,-0.29
J.B. Shuck,521000,-1.81
Mike Aviles,2000000,-1.27
Miguel Cabrera,28000000,4.90
Nick Castellanos,536500,1.64
Tyler Collins,510500,-0.22
,509500,
,507500,
Anthony Gose,525000,-0.19
Shane Greene,517000,-0.03
,520500,
Jose Iglesias,2100000,1.84
Logan Kensing,575000,0.00
Ian Kinsler,14000000,6.13
Mark Lowe,5500000,0.00
J.D. Martinez,6750000,1.83
Victor Martinez,18000000,1.61
Cameron Maybin,8000000,1.94
James McCann,519500,1.13
,508500,
Daniel Norris,514500,0.02
,8000000,
Francisco Rodriguez,7383481,0.00
Andrew Romine,900000,0.26
Kyle Ryan,509500,0.00
Jarrod Saltalamacchia,507500,-0.22
Anibal Sanchez,16800000,-0.08
Justin Upton,22125000,1.98
Drew VerHagen,509500,0.00
Justin Verlander,28000000,0.01
Alex Wilson,522500,0.00
Justin Wilson,1525000,0.00
Jordan Zimmermann,18000000,0.02
Jose Altuve,3687500,7.65
Jason Castro,5000000,0.93
Carlos Correa,516700,5.95
Matt Duffy,510200,0.07
Scott Feldman,8000000,-0.03
Michael Feliz,508200,0.00
Josh Fields,900000,0.00
,524100,
Doug Fister,7000000,0.04
Evan Gattis,3300000,3.03
Ken Giles,528200,0.00
Carlos Gomez,9000000,0.89
Marwin Gonzalez,2000000,1.21
Luke Gregerson,6750000,0.00
Will Harris,525500,0.00
Dallas Keuchel,7250000,-0.03
Erik Kratz,850000,-0.62
Jake Marisnick,519500,1.70
Lance McCullers,516700,0.06
Collin McHugh,529000,-0.11
Pat Neshek,6500000,0.00
Colby Rasmus,15800000,2.20
Tony Sipp,6000000,0.00
George Springer,522400,5.01
Max Stassi,508200,-0.23
Preston Tucker,515000,-1.14
Luis Valbuena,6125000,2.59
Tyler White,507500,-0.01
Drew Butera,1162500,0.37
Lorenzo Cain,6500000,2.87
,1475000,
Christian Colon,518425,0.62
Wade Davis,8000000,0.00
Danny Duffy,4225000,0.01
Jarrod Dyson,1725000,3.11
Alcides Escobar,5250000,0.34
Reymond Fuentes,508450,-0.24
Dillon Gee,2000000,0.19
Alex Gordon,12000000,0.78
Terrance Gore,508500,0.16
Kelvin Herrera,2550000,0.00
Luke Hochevar,5500000,0.00
Eric Hosmer,8250000,1.03
Omar Infante,7750000,-0.31
Ian Kennedy,7500000,-0.04
,5500000,
,2000000,
Kendrys Morales,9000000,0.87
Mike Moustakas,5600000,0.74
Paulo Orlando,514250,2.34
Salvador Perez,2000000,2.75
Joakim Soria,7000000,0.00
,8500000,
Yordano Ventura,1200000,0.04
Edinson Volquez,9500000,-0.07
Chien-Ming Wang,1000000,0.00
Chris Young,4250000,-0.01
Jose Alvarez,507500,-0.01
Cam Bedrosian,510500,0.00
Kole Calhoun,3400000,3.37
Ji-Man Choi,650000,-0.56
C.J. Cron,525000,2.08
Yunel Escobar,7000000,1.58
Craig Gentry,1000000,-0.31
Johnny Giavotella,532500,0.51
,515000,
Mike Morin,520000,0.00
Daniel Nava,1375000,-0.69
Cliff Pennington,1500000,0.36
Carlos Perez,513000,0.56
Albert Pujols,25000000,1.42
Cory Rasmus,514500,0.00
,6425000,
Fernando Salas,2400000,0.01
Hector Santiago,5000000,0.04
Matt Shoemaker,530000,-0.03
Andrelton Simmons,6000000,4.22
Joe Smith,5250000,0.00
Geovany Soto,2800000,0.38
Huston Street,8000000,0.00
Mike Trout,16083333,10.55
Jered Weaver,20200000,-0.10
,20500000,
Brett Anderson,15800000,-0.04
Pedro Baez,520000,0.03
Austin Barnes,512500,-0.15
Joe Blanton,4000000,0.04
Mike Bolsinger,515000,-0.10
Louis Coleman,725000,0.03
Carl Crawford,20750000,-1.01
Charlie Culberson,535000,0.44
A.J. Ellis,4500000,0.09
Andre Ethier,18000000,-0.20
Yimi Garcia,517500,0.01
Adrian Gonzalez,21000000,2.06
Yasmani Grandal,2800000,2.85
,7500000,
Chris Hatcher,1065000,0.07
Enrique Hernandez,520000,0.11
J.P. Howell,6250000,0.01
Kenley Jansen,10650000,0.04
Scott Kazmir,14985384,-0.18
Howie Kendrick,9540378,0.50
Clayton Kershaw,33000000,0.31
Kenta Maeda,3125000,0.07
Brandon McCarthy,12500000,-0.05
,510000,
Joc Pederson,520000,3.42
Yasiel Puig,7214285,1.40
Josh Ravin,515000,0.01
Hyun-Jin Ryu,7833333,-0.01
Corey Seager,510000,6.12
Ross Stripling,507500,0.06
Trayce Thompson,512500,0.89
Justin Turner,5100000,4.95
Chase Utley,7000000,2.04
Scott Van Slyke,1225000,-0.17
Alex Wood,530000,0.18
Justin Bour,537500,1.20
Craig Breslow,1500000,0.01
,987500,
Wei-Yin Chen,12500000,-0.57
Adam Conley,512500,-0.19
Jarred Cosart,550000,0.04
Derek Dietrich,522500,2.38
Mike Dunn,3450000,0.03
Jose Fernandez,2800000,0.52
Dee Gordon,3242202,0.75
Adeiny Hechavarria,2625000,1.21
Edwin Jackson,507500,0.37
Chris Johnson,8007500,-0.97
Tom Koehler,3500000,-0.28
,508500,
Jeff Mathis,1500000,0.40
Dustin McGowan,1000000,-0.02
Bryan Morris,1350000,0.00
Chris Narveson,1200000,-0.04
Marcell Ozuna,570000,2.45
David Phelps,2500000,0.02
Martin Prado,11000000,3.80
A.J. Ramos,3400000,0.04
J.T. Realmuto,532500,2.57
Miguel Rojas,511000,-0.25
Giancarlo Stanton,9000000,2.46
Ichiro Suzuki,2000000,1.52
Christian Yelich,1000000,5.27
Chase Anderson,520200,-0.22
,509200,
Michael Blazek,514200,0.03
Blaine Boyer,950000,0.02
Ryan Braun,19315013,4.42
Keon Broxton,508500,2.06
Chris Capuano,1500000,0.05
Chris Carter,2500000,0.91
Ramon Flores,508800,-1.38
Matt Garza,12209424,-0.28
Scooter Gennett,518100,0.94
Aaron Hill,12000000,1.64
Jeremy Jeffress,519100,0.00
Taylor Jungmann,518500,-0.02
Corey Knebel,513000,0.02
,508500,
Jonathan Lucroy,4100000,1.51
Martin Maldonado,1125000,0.79
Jimmy Nelson,522300,-0.31
Kirk Nieuwenhuis,514000,0.63
,509700,
Ariel Pena,510000,0.00
Wily Peralta,2800000,-0.11
Yadiel Rivera,508600,-0.10
Domingo Santana,513800,-0.18
Will Smith,1475000,0.02
Tyler Thornburg,513900,0.04
Carlos Torres,1050000,0.04
Jonathan Villar,512900,3.93
Colin Walsh,507500,-0.44
Fernando Abad,1250000,-0.01
Oswaldo Arcia,535000,-0.05
Byron Buxton,512500,1.89
Brian Dozier,3000000,6.53
Eduardo Escobar,2150000,-0.60
Casey Fien,2275000,0.00
Kyle Gibson,587500,-0.06
Phil Hughes,9200000,-0.03
Kevin Jepsen,5312000,0.00
Joe Mauer,23000000,2.24
Tommy Milone,4500000,0.10
John Ryan Murphy,528700,-0.51
Ricky Nolasco,12000000,0.02
Eduardo Nunez,1475000,0.80
,6300000,
Trevor Plouffe,7250000,0.37
Ryan Pressly,520000,0.00
Eddie Rosario,542500,1.13
Miguel Sano,547500,0.81
Danny Santana,537500,-1.27
Ervin Santana,13500000,-0.08
Kurt Suzuki,6000000,0.39
Michael Tonkin,515000,-0.02
Antonio Bastardo,5375000,0.02
Jerry Blevins,4000000,0.03
Asdrubal Cabrera,8250000,2.72
Eric Campbell,513308,-0.46
Yoenis Cespedes,27328046,2.90
Bartolo Colon,7250000,-0.30
Michael Conforto,517246,0.37
Travis d'Arnaud,542604,-0.75
Alejandro De Aza,5750000,-0.36
Jacob deGrom,607000,0.10
Lucas Duda,6725000,0.05
Josh Edgin,625000,0.01
Jeurys Familia,4100000,0.04
Wilmer Flores,526014,0.30
Curtis Granderson,16000000,2.53
Matt Harvey,4325000,0.02
Jim Henderson,600000,0.03
Juan Lagares,2500000,0.79
Steven Matz,515750,0.11
Kevin Plawecki,511360,-0.07
Addison Reed,5300000,0.04
Hansel Robles,516500,-0.03
Noah Syndergaard,535375,0.72
Logan Verrett,514875,-0.09
Neil Walker,10550000,2.40
,546250,
David Wright,19364801,-0.20
Dustin Ackley,3200000,-0.27
,507500,
Carlos Beltran,15000000,0.26
Dellin Betances,507500,0.00
,525300,
Starlin Castro,7857142,1.25
,507500,
Aroldis Chapman,9468443,0.00
Jacoby Ellsbury,21142857,2.75
Nathan Eovaldi,5600000,-0.03
Brett Gardner,13500000,3.36
Didi Gregorius,2425000,2.20
Chase Headley,13000000,2.63
Aaron Hicks,574000,-0.31
Brian McCann,17000000,0.93
Andrew Miller,9000000,0.00
,516650,
Ivan Nova,4100000,0.01
Michael Pineda,4300000,-0.01
Alex Rodriguez,21000000,-1.20
Austin Romine,556000,-0.17
CC Sabathia,25000000,-0.05
,521300,
Chasen Shreve,533400,0.00
Masahiro Tanaka,22000000,-0.03
Mark Teixeira,23125000,-0.60
Ronald Torreyes,508600,0.48
Mason Williams,509700,-0.11
Kirby Yates,511900,0.00
Yonder Alonso,2650000,-0.09
,4250000,
,510000,
John Axford,4500000,0.00
,510000,
Billy Burns,512500,-0.22
Billy Butler,11666667,0.09
Mark Canha,512500,-0.36
Chris Coghlan,4800000,-1.55
Coco Crisp,11000000,0.30
Khris Davis,524500,2.76
Sean Doolittle,1580000,0.00
,2000000,
Ryan Dull,507500,0.00
,1925000,
Kendall Graveman,512500,-0.06
Sonny Gray,527500,-0.04
Liam Hendriks,523400,0.00
Rich Hill,6000000,-0.14
Jed Lowrie,7500000,-0.43
Ryan Madson,6666667,-0.01
,850000,
Josh Phegley,512500,0.23
Josh Reddick,6575000,2.43
Fernando Rodriguez,1050000,0.00
Marc Rzepczynski,2950000,0.01
Marcus Semien,512500,3.01
,1500000,
Danny Valencia,3150000,1.37
Stephen Vogt,527500,2.24
Aaron Altherr,515500,-0.19
Cody Asche,530000,-0.72
Andres Blanco,1450000,-0.16
Peter Bourjos,2000000,0.14
Emmanuel Burriss,925000,-0.61
Jerad Eickhoff,516000,-0.05
Maikel Franco,517500,1.17
Freddy Galvis,2000000,1.29
Tyler Goeddel,507500,-1.42
Jeanmar Gomez,1400000,0.04
,13000000,
Jeremy Hellickson,7000000,0.17
Cesar Hernandez,525000,3.32
David Hernandez,3900000,0.04
Odubel Herrera,528000,4.23
Dalier Hinojosa,514000,0.01
,512500,
Cedric Hunter,507500,-0.76
Manuel Margot,512500,0.62
Charlie Morton,8000000,-0.03
Hector Neris,515000,0.04
Aaron Nola,517500,-0.16
Brett Oberholtzer,518000,0.00
Darin Ruf,527000,-0.78
Carlos Ruiz,8500000,1.52
Cameron Rupp,518000,1.31
James Russell,1500000,0.00
Daniel Stumpf,507500,0.00
Vince Velasquez,516000,0.22
Arquimedes Caminero,532500,0.00
Francisco Cervelli,3500000,1.56
Gerrit Cole,548000,0.21
Elias Diaz,510000,-0.11
Neftali Feliz,3900000,0.03
Cole Figueroa,550000,-0.22
David Freese,3000000,1.84
Josh Harrison,5250000,1.77
Jared Hughes,2175000,0.03
John Jaso,4000000,0.95
Matthew Joyce,1000000,1.65
Jung Ho Kang,2500000,2.33
Francisco Liriano,13666667,0.50
Kyle Lobstein,520000,-0.02
Jeff Locke,3025000,-0.12
Cory Luebke,1000000,0.00
Starling Marte,3333333,4.92
Andrew McCutchen,13208333,-0.66
Mark Melancon,9650000,0.02
Jordy Mercer,2075000,0.90
Mike Morse,8000000,-0.22
Juan Nicasio,3000000,-0.04
Jon Niese,9000000,-0.05
Gregory Polanco,535000,1.64
Sean Rodriguez,2500000,1.82
Chris Stewart,1350000,-0.31
Ryan Vogelsong,2000000,-0.10
Tony Watson,3450000,0.05
Buddy Baumann,520000,0.01
Christian Bethancourt,511200,-0.38
Jabari Blash,507500,0.00
Ryan Buchter,520000,0.04
Andrew Cashner,7150000,0.04
,509600,
Travis Jankowski,508800,1.15
Jon Jay,6225000,1.08
Matt Kemp,21500000,0.03
Brandon Maurer,526400,0.04
Wil Myers,523900,3.24
Derek Norris,2925000,0.26
Luis Perdomo,507500,0.11
Drew Pomeranz,1350000,0.01
Kevin Quackenbush,521200,0.04
Alexei Ramirez,3000000,0.04
Colin Rea,510200,-0.08
Fernando Rodney,1600000,0.02
Adam Rosales,800000,1.74
Tyson Ross,9625000,-0.01
James Shields,21000000,0.00
Yangervis Solarte,525500,2.16
Cory Spangenberg,517700,0.36
Matt Thornton,1600000,0.01
Melvin Upton,15450000,-0.41
Carlos Villanueva,1490314,-0.04
Brett Wallace,1000000,-0.71
Nori Aoki,5500000,1.47
Joaquin Benoit,7500000,0.00
Robinson Cano,24000000,7.31
Steve Cishek,4000000,0.00
Steve Clevenger,516500,-0.02
,1100000,
Nelson Cruz,14250000,4.65
,1600000,
Franklin Gutierrez,1500000,0.34
Felix Hernandez,25857143,-0.11
Chris Iannetta,4250000,0.27
Hisashi Iwakuma,10976096,-0.04
Nate Karns,523700,-0.01
Dae-ho Lee,1000000,0.35
Adam Lind,8000000,-0.27
Ketel Marte,515400,0.34
Leonys Martin,4150000,1.21
Mike Montgomery,515000,0.00
Vidal Nuno,532900,0.00
Joel Peralta,1250000,-0.01
Luis Sardinas,512000,-0.40
,807500,
Kyle Seager,8000000,6.87
Seth Smith,6750000,0.52
Jesus Sucre,512000,0.50
Nick Vincent,525500,0.00
,528600,
,511000,
Ehire Adrianza,512500,0.00
Brandon Belt,6200000,4.30
Gregor Blanco,3900000,-1.00
Trevor Brown,508500,-0.04
Madison Bumgarner,9916667,0.89
Matt Cain,20833333,-0.07
Santiago Casilla,6500000,0.04
Brandon Crawford,6000000,4.53
Johnny Cueto,17500000,-0.23
Matt Duffy,537500,-0.07
Cory Gearrin,550000,0.10
Chris Heston,530000,0.00
George Kontos,1150000,0.03
Javier Lopez,5000000,0.03
Josh Osich,512500,0.03
Angel Pagan,11250000,0.98
Joe Panik,545000,1.09
Jake Peavy,15000000,0.14
Hunter Pence,18700000,1.94
Buster Posey,20777778,4.67
Sergio Romo,9000000,0.02
Jeff Samardzija,10800000,0.02
Denard Span,5000000,0.96
Hunter Strickland,517500,0.04
Kelby Tomlinson,512500,0.75
Matt Adams,1650000,0.69
Matthew Bowman,507500,0.01
Jonathan Broxton,3750000,0.04
Matt Carpenter,6500000,3.37
Eric Fryer,575000,0.57
Greg Garcia,507500,1.79
Jaime Garcia,11500000,0.08
Randal Grichuk,520000,2.66
Jedd Gyorko,4000000,2.94
,509000,
Jeremy Hazelbaker,507500,0.17
Matt Holliday,17000000,0.32
Mike Leake,12000000,0.04
,7500000,
Tyler Lyons,512500,-0.04
Seth Maness,1400000,0.00
Carlos Martinez,539000,0.49
Yadier Molina,14200000,2.94
Brandon Moss,8250000,0.82
Seung-hwan Oh,2500000,0.01
Brayan Pena,2500000,-0.24
Jhonny Peralta,12500000,-0.45
Tommy Pham,510000,-0.05
Stephen Piscotty,512500,2.88
Trevor Rosenthal,5600000,0.01
Kevin Siegrist,539000,0.04
Ruben Tejada,1500000,-0.45
Michael Wacha,539000,-0.25
Adam Wainwright,19500000,0.88
,3675000,
Kolten Wong,1250000,1.47
Chris Archer,2916667,-0.06
Tim Beckham,514500,1.31
,519200,
Curt Casali,513600,0.90
Xavier Cedeno,524100,0.00
,4000000,
Alex Colome,521700,0.00
Hank Conger,1500000,-0.52
Corey Dickerson,522900,1.51
Dana Eveland,895000,0.00
,527000,
Logan Forsythe,2250000,3.36
,519300,
Brandon Guyer,1185000,0.63
Desmond Jennings,3300000,0.93
Kevin Kiermaier,514400,5.48
Evan Longoria,12600018,3.85
Brad Miller,527600,1.59
Matt Moore,5100000,0.04
Logan Morrison,4200000,0.45
Jake Odorizzi,520700,0.03
Steve Pearce,4750000,2.19
Erasmo Ramirez,2375000,0.00
Enny Romero,510000,0.00
Drew Smyly,3750000,-0.03
Steven Souza,516100,0.90
,1000000,
,524525,
Hanser Alberto,511500,-0.17
Elvis Andrus,15333333,3.71
Tony Barnette,1500000,0.00
Adrian Beltre,18000000,6.45
Robinson Chirinos,1550000,0.90
Shin-Soo Choo,20000000,0.28
Yu Darvish,10000000,0.11
Delino DeShields,517300,-0.22
Ian Desmond,8000000,2.70
Jake Diekman,1255000,0.00
Sam Dyson,525270,0.00
,508500,
Prince Fielder,24000000,-1.35
Chris Gimenez,975000,-0.57
Cole Hamels,22500000,-0.04
,24000000,
Bryan Holaday,519000,0.33
,508500,
Keone Kela,518000,0.00
Phil Klein,509500,-0.03
,6000000,
Mitch Moreland,5700000,0.66
Rougned Odor,522700,2.44
Martin Perez,3150000,0.04
Ryan Rua,510120,0.74
Justin Ruggiano,1650000,0.12
,900000,
Shawn Tolleson,3275000,-0.01
Tom Wilhelmsen,3100000,0.00
Darwin Barney,1050000,1.83
Jose Bautista,14000000,1.02
Joe Biagini,507500,0.00
Ezequiel Carrera,521800,0.68
Brett Cecil,3800000,0.00
Jesse Chavez,4000000,0.00
Chris Colabello,521300,-0.50
R.A. Dickey,12000000,-0.01
Josh Donaldson,11650000,7.44
Edwin Encarnacion,10000000,3.67
Marco Estrada,11500000,-0.07
Gavin Floyd,1000000,-0.01
Ryan Goins,520200,-0.59
J.A. Happ,10000000,0.27
,510500,
,1050000,
Russell Martin,15000000,1.70
Franklin Morales,2000000,0.00
Roberto Osuna,516100,0.00
Kevin Pillar,521100,3.37
Aaron Sanchez,517800,-0.09
Michael Saunders,2900000,1.28
,513300,
Justin Smoak,3900000,-0.44
Drew Storen,8375000,0.00
Marcus Stroman,515900,0.12
Josh Thole,800000,-0.77
Devon Travis,511200,2.93
Troy Tulowitzki,20000000,3.26
,519400,
Matt Belisle,1250000,-0.03
Stephen Drew,3000000,1.03
Danny Espinosa,2875000,1.74
Gio Gonzalez,12100000,0.04
Bryce Harper,5000000,1.62
Chris Heisey,1250000,0.00
Shawn Kelley,4000000,0.03
Jose Lobaton,1387500,0.28
Daniel Murphy,8000000,4.59
Jonathan Papelbon,10936574,0.02
Oliver Perez,3000000,0.27
Yusmeiro Petit,2500000,0.01
Wilson Ramos,5350000,3.33
Anthony Rendon,2800000,4.13
Ben Revere,6250000,-1.19
Felipe Rivero,516100,0.01
Tanner Roark,543400,0.01
Clint Robinson,534900,-0.54
Joe Ross,514400,0.47
Max Scherzer,22142857,0.14
Stephen Strasburg,10400000,0.33
Michael Taylor,524000,-0.34
Blake Treinen,524900,0.04
Jayson Werth,21733615,0.31
Ryan Zimmerman,14000000,-1.12
A.J. Achter,,0.00
Tim Adleman,,0.15
Jesus Aguilar,,-0.20
Arismendy Alcantara,,-0.33
Jorge Alfaro,,-0.34
Abraham Almonte,,0.74
Albert Almora,,0.74
Dario Alvarez,,0.00
Dariel Alvarez,,0.12
Alexi Amarista,,-0.58
Tim Anderson,,2.75
Robert Andino,,0.09
Matt Andriese,,-0.01
Jayson Aquino,,0.00
Elvis Araujo,,0.02
Orlando Arcia,,-0.22
Alec Asher,,-0.05
Carlos Asuaje,,-0.24
Tyler Austin,,-0.05
Luis Avilan,,0.02
Andrew Bailey,,0.02
Jett Bandy,,0.99
Jacob Barnes,,0.01
Kyle Barraclough,,0.03
Chris Beck,,0.00
Josh Bell,,-0.50
Andrew Benintendi,,0.55
James Beresford,,-0.12
Jose Berrios,,0.06
Ty Blach,,0.16
Aaron Blair,,-0.21
Richard Bleier,,0.00
Emilio Bonifacio,,-0.16
Julio Borbon,,-0.29
Wilfredo Boscan,,0.04
Buddy Boshers,,0.00
Michael Bourn,,0.11
Archie Bradley,,-0.46
Jed Bradley,,0.00
Steven Brault,,0.07
Alex Bregman,,1.75
Bryce Brentz,,-0.14
Austin Brice,,0.01
Parker Bridwell,,0.00
Reid Brignac,,-0.10
Mike Broadway,,0.02
Jake Buchanan,,-0.01
Enrique Burgos,,0.02
Sean Burnett,,0.01
Andy Burns,,0.01
Matt Buschmann,,-0.01
Matt Bush,,0.00
Nick Buss,,-0.10
Eddie Butler,,-0.17
Mauricio Cabrera,,0.02
Ramon Cabrera,,0.06
Leonel Campos,,0.01
Vicente Campos,,-0.03
Jeimer Candelario,,-0.15
Matt Carasiti,,0.01
Stephen Cardullo,,-0.25
Roberto Hernandez,,-0.05
Daniel Castro,,-1.09
Gavin Cecchini,,0.05
Darrell Ceciliani,,-0.50
Juan Centeno,,0.77
Hunter Cervenka,,0.01
Jhoulys Chacin,,0.05
Joba Chamberlain,,0.00
J.T. Chargois,,0.00
Alex Claudio,,0.00
Paul Clemens,,-0.24
Mike Clevinger,,-0.03
Jason Coats,,0.23
Phil Coke,,0.00
A.J. Cole,,-0.13
Josh Collmenter,,-0.09
Joseph Colon,,0.00
Gerardo Concepcion,,0.00
Willson Contreras,,1.76
Daniel Coulombe,,0.00
Kaleb Cowart,,-0.37
Tyler Cravy,,0.16
Kyle Crockett,,0.00
Tony Cruz,,-0.12
Brandon Cunniff,,0.01
Todd Cunningham,,-0.04
Zac Curtis,,0.01
Cheslor Cuthbert,,-0.16
David Dahl,,1.02
Chase d'Arnaud,,0.05
Matt Davidson,,0.01
Zach Davies,,-0.16
Ike Davis,,-0.14
Grant Dayton,,0.00
Pat Dean,,0.00
Jaff Decker,,-0.71
Steve Delabar,,0.00
Joel De La Cruz,,0.03
Jose De Leon,,-0.03
Abel De Los Santos,,0.00
Matt den Dekker,,0.28
Odrisamer Despaigne,,0.00
Chris Devenski,,0.00
Aledmys Diaz,,3.53
Dayan Diaz,,0.00
Edwin Diaz,,-0.01
Alex Dickerson,,1.09
Wilmer Difo,,0.33
Jose Dominguez,,0.02
Matt Dominguez,,-0.14
Hunter Dozier,,-0.03
Kyle Drabek,,0.00
Oliver Drake,,-0.01
Tyler Duffey,,-0.03
Carl Edwards,,0.01
Zach Eflin,,0.15
Cody Ege,,0.06
Brett Eibner,,-0.74
Roenis Elias,,0.00
Brian Ellington,,0.00
Jake Elmore,,-0.56
Robbie Erlin,,-0.08
Jake Esch,,0.01
Edwin Escobar,,-0.01
Carlos Estevez,,0.03
Taylor Featherston,,-0.16
Tim Federowicz,,-0.42
Yohan Flande,,0.02
Kendry Flores,,-0.01
Pedro Florimon,,-0.06
Dylan Floro,,0.00
Brian Flynn,,0.00
Mike Foltynewicz,,-0.06
Nick Franklin,,0.15
Adam Frazier,,0.51
Mike Freeman,,0.09
Sam Freeman,,0.00
Carlos Frias,,-0.01
Christian Friedrich,,-0.13
Carson Fulmer,,0.00
Michael Fulmer,,-0.03
Joey Gallo,,-0.31
Ben Gamel,,-0.21
Leury Garcia,,-0.14
Luis Garcia,,0.03
Dustin Garneau,,0.09
Ryan Garton,,0.00
Gonzalez Germen,,-0.03
Conor Gillaspie,,1.09
Cole Gillespie,,-0.36
Sean Gilmartin,,0.01
Lucas Giolito,,0.06
Chad Girodo,,0.00
Tyler Glasnow,,-0.01
Koda Glover,,0.01
Zack Godley,,-0.11
Erik Goeddel,,0.02
David Goforth,,0.01
Erik Gonzalez,,-0.02
Miguel Gonzalez,,-0.01
Severino Gonzalez,,0.00
Brian Goodwin,,-0.13
Nick Goody,,0.00
Tom Gorzelanny,,0.00
Tuffy Gosewisch,,-0.71
Trevor Gott,,0.01
Yulieski Gurriel,,0.21
Matt Grace,,0.00
Juan Graterol,,0.17
Chad Green,,-0.06
Grant Green,,-0.36
A.J. Griffin,,-0.03
Robbie Grossman,,0.29
Robert Gsellman,,-0.13
Deolis Guerra,,0.00
Javy Guerra,,0.00
Junior Guerra,,0.20
Tayron Guerrero,,0.00
Jesse Hahn,,-0.01
David Hale,,0.00
Cody Hall,,0.00
Brad Hand,,-0.02
Mitch Haniger,,0.11
Alen Hanson,,-0.31
Lucas Harrell,,-0.09
Donnie Hart,,-0.01
Steve Hathaway,,0.01
Drew Hayes,,-0.03
Ryon Healy,,2.18
Austin Hedges,,-0.45
Heath Hembree,,0.00
Guillermo Heredia,,0.47
Gorkys Hernandez,,0.35
Marco Hernandez,,-0.32
Oscar Hernandez,,-0.03
Teoscar Hernandez,,0.26
Frank Herrmann,,-0.01
Keith Hessler,,0.01
John Hicks,,0.05
Jeff Hoffman,,-0.14
Derek Holland,,0.05
Destin Hood,,-0.15
Ryan Howard,,-1.51
Jared Hoying,,-0.33
James Hoyt,,0.00
Jason Hursh,,0.00
Drew Hutchison,,-0.01
Hernan Iribarren,,0.17
Paul Janish,,-0.13
Tyrell Jenkins,,-0.02
Kyle Jensen,,0.03
Erik Johnson,,-0.07
Micah Johnson,,-0.07
Steve Johnson,,0.00
JaCoby Jones,,0.02
Tommy Joseph,,0.46
Aaron Judge,,-0.40
Tommy Kahnle,,0.00
Ryan Kalish,,0.13
Munenori Kawasaki,,0.23
Casey Kelly,,-0.03
Carson Kelly,,-0.01
Don Kelly,,-0.22
Ty Kelly,,0.47
Tony Kemp,,-0.53
Max Kepler,,2.39
Spencer Kieboom,,0.03
Dean Kiekhefer,,0.02
Brandon Kintzler,,0.00
Michael Kirkman,,0.00
Patrick Kivlehan,,0.12
Matt Koch,,0.00
Ian Krol,,0.02
Chad Kuhl,,-0.11
Tyler Ladendorf,,-0.68
Junior Lake,,-0.16
Blake Lalli,,-0.15
Ryan LaMarre,,-0.11
Mat Latos,,0.13
Derek Law,,0.04
Wade LeBlanc,,-0.01
Jose Leclerc,,0.00
Dominic Leone,,0.01
Sandy Leon,,2.73
Adam Liberatore,,0.03
Pat Light,,0.00
Adam Loewen,,0.00
James Loney,,-0.15
Rafael Lopez,,-0.16
Reynaldo Lopez,,-0.08
David Lough,,-0.13
Seth Lugo,,0.05
Dixon Machado,,0.20
Matt Magill,,0.00
Damien Magnifico,,0.00
Greg Mahle,,0.00
Mikie Mahtook,,-1.10
Luke Maile,,0.41
Sean Manaea,,-0.02
Trey Mancini,,0.31
Jhan Marinez,,-0.02
Michael Mariot,,0.01
Matt Marksberry,,0.00
German Marquez,,-0.10
Deven Marrero,,-0.04
Evan Marshall,,0.01
Jefry Marte,,1.24
Kelvin Marte,,0.00
Cody Martin,,0.00
Jose Martinez,,0.13
Michael Martinez,,0.11
Nick Martinez,,-0.03
Rafael Martin,,0.00
Darin Mastroianni,,-0.13
Bruce Maxwell,,0.51
Mike Mayers,,0.00
Trevor May,,0.00
Nomar Mazara,,0.44
Vin Mazzaro,,-0.01
Matt McBride,,-0.10
Casey McGehee,,-0.31
Michael McKenry,,-0.05
Tim Melville,,-0.03
Daniel Mengden,,-0.08
Whit Merrifield,,1.60
Will Middlebrooks,,-0.04
Mike Miller,,-0.03
Juan Minaya,,0.00
Yoan Moncada,,-0.15
Raul Mondesi,,-0.36
Rafael Montero,,-0.06
Adam Moore,,-0.11
Colin Moran,,-0.19
Adam Morgan,,-0.10
Justin Morneau,,0.29
Max Moroff,,-0.05
A.J. Morris,,-0.01
Brandon Morrow,,0.01
Taylor Motter,,-0.05
Steven Moya,,-0.43
Peter Moylan,,0.00
Conor Mullee,,0.00
Max Muncy,,-0.10
Tom Murphy,,0.56
Colton Murray,,0.00
Joe Musgrove,,0.02
Omar Narvaez,,0.33
Joe Nathan,,0.00
Zach Neal,,-0.02
Brett Nicholas,,0.09
Justin Nicolino,,-0.03
Brandon Nimmo,,0.10
Nick Noonan,,-0.66
Renato Nunez,,-0.26
Scott Oberg,,0.01
Peter O'Brien,,-0.65
Nefi Ogando,,0.01
Steven Okert,,-0.01
Matt Olson,,-0.14
Shawn O'Malley,,0.26
Logan Ondrusek,,0.00
Ryan O'Rourke,,-0.01
Rafael Ortega,,-0.19
Jordan Pacheco,,-0.58
Byung Ho Park,,0.13
Jarrett Parker,,0.23
Chris Parmelee,,0.30
Curtis Partch,,0.00
Jordan Patterson,,0.09
Spencer Patton,,-0.02
James Paxton,,0.01
Brad Peacock,,0.00
Felix Pena,,0.01
Francisco Pena,,-0.20
Ramiro Pena,,0.25
Wandy Peralta,,0.01
Jose Peraza,,0.08
Hernan Perez,,2.01
Yefri Perez,,0.10
Gregorio Petit,,-0.13
Zach Phillips,,0.00
Manny Pina,,0.19
Chad Pinder,,-0.26
Josmil Pinto,,-0.09
Jose Pirela,,-0.57
Adam Plutko,,0.00
Jorge Polanco,,0.55
Dalton Pompey,,-0.04
Alex Presley,,-0.80
Jurickson Profar,,0.04
Juniel Querecuto,,-0.11
Roman Quinn,,0.23
J.C. Ramirez,,0.00
Cesar Ramos,,0.00
Edubray Ramos,,0.06
Anthony Ranaudo,,0.13
Anthony Recker,,0.57
A.J. Reed,,-0.60
Cody Reed,,-0.08
Michael Reed,,0.09
Rob Refsnyder,,-0.13
Tony Renda,,-0.39
Hunter Renfroe,,0.41
Alex Reyes,,-0.14
Matt Reynolds,,0.00
Matt Reynolds,,0.06
Rene Rivera,,0.45
T.J. Rivera,,0.56
Dan Robertson,,-0.25
Shane Robinson,,0.21
Joely Rodriguez,,0.01
Chaz Roe,,0.01
Jason Rogers,,-0.14
Taylor Rogers,,0.00
David Rollins,,0.00
Stefen Romero,,-0.26
Bruce Rondon,,0.00
Jorge Rondon,,0.00
Jose Rondon,,-0.81
Alberto Rosario,,-0.18
Ben Rowen,,0.00
Rio Ruiz,,0.07
Josh Rutledge,,0.38
Brendan Ryan,,-0.12
Carlos Sanchez,,-0.02
Gary Sanchez,,3.02
Hector Sanchez,,0.38
Rob Scahill,,-0.02
Logan Schafer,,0.12
Ryan Schimpf,,1.84
A.J. Schugel,,-0.02
Patrick Schuster,,0.00
Xavier Scruggs,,-0.15
Rob Segedin,,-0.07
Steve Selsky,,0.13
Pedro Severino,,0.71
Richie Shaffer,,0.24
Braden Shipley,,-0.09
Blake Smith,,0.00
Jake Smith,,0.00
Josh Smith,,0.06
Kevan Smith,,-0.12
Mallex Smith,,0.99
Josh Smoker,,0.00
Jake Smolinski,,-0.30
Blake Snell,,0.02
Brandon Snyder,,0.25
Miguel Socolovich,,0.01
Donovan Solano,,0.03
Sammy Solis,,-0.02
Layne Somsen,,0.00
Jacob Stallings,,0.14
Robert Stephenson,,-0.18
Brock Stewart,,-0.03
Matt Strahm,,0.00
Chris Stratton,,-0.03
Tyler Sturdevant,,0.00
Albert Suarez,,0.10
Andrew Susac,,0.09
Brent Suter,,-0.02
Dansby Swanson,,0.85
Anthony Swarzak,,0.00
Jameson Taillon,,-0.29
Raimel Tapia,,-0.06
Chris Taylor,,0.02
Tomas Telis,,0.04
Ryan Tepera,,0.00
Nick Tepesch,,-0.01
Jake Thompson,,-0.02
Charlie Tilson,,0.03
Andrew Toles,,1.42
Jose Torres,,0.00
Andrew Triggs,,-0.02
Nick Tropeano,,-0.03
Chin-hui Tsao,,0.00
Matt Tuiasosopo,,-0.07
Sam Tuivailala,,0.01
Jacob Turner,,0.00
Trea Turner,,3.55
Jose Urena,,0.05
Julio Urias,,-0.04
Pat Valaika,,-0.01
Cesar Vargas,,-0.12
Kennys Vargas,,0.68
Will Venable,,-0.28
Daniel Vogelbach,,-0.34
Tyler Wagner,,-0.03
Kyle Waldrop,,-0.16
Zach Walters,,-0.12
Luke Weaver,,0.20
Ryan Weber,,-0.07
Jemile Weeks,,-0.02
J.B. Wendelken,,0.00
Joey Wendle,,0.35
Robert Whalen,,0.02
Andy Wilkins,,-0.15
Jerome Williams,,-0.02
Mac Williamson,,0.44
Trevor Williams,,0.08
Bobby Wilson,,-0.28
Alex Wimmers,,0.00
Chris Withrow,,0.03
Nick Wittgren,,0.03
Danny Worth,,-0.17
Daniel Wright,,-0.08
Gabriel Ynoa,,-0.04
Michael Ynoa,,0.00
Rafael Ynoa,,-0.24
Eric Young,,-0.05
Madison Younginer,,0.00
Rob Zastryzny,,-0.04
Mike Zunino,,1.75
